message;severity;node;stamp;location
"[SLAM_ASSOCIATION] matched_pairs=10, unmatched_obs=0";"10";"cc_slam_node";"1752844758.951603577";"/home/user1/ROS2_Workspace/Symforce_ws/build/cc_slam_sym/cc_slam_sym/ros_bridge/slam_ros_node.py:_process_cones:363"
"[SLAM_PROCESS_CONES] observations=10, landmarks=110, candidates=16";"10";"cc_slam_node";"1752844758.951267887";"/home/user1/ROS2_Workspace/Symforce_ws/build/cc_slam_sym/cc_slam_sym/ros_bridge/slam_ros_node.py:_process_cones:362"
"[SLAM_ODOMETRY_UPDATE] pose=[82.92,13.07,-0.03]";"10";"cc_slam_node";"1752844758.568882331";"/home/user1/ROS2_Workspace/Symforce_ws/build/cc_slam_sym/cc_slam_sym/ros_bridge/slam_ros_node.py:_process_odometry:338"
"[SLAM_ASSOCIATION] matched_pairs=11, unmatched_obs=0";"10";"cc_slam_node";"1752844758.016758078";"/home/user1/ROS2_Workspace/Symforce_ws/build/cc_slam_sym/cc_slam_sym/ros_bridge/slam_ros_node.py:_process_cones:363"
"[SLAM_PROCESS_CONES] observations=11, landmarks=110, candidates=16";"10";"cc_slam_node";"1752844758.016457030";"/home/user1/ROS2_Workspace/Symforce_ws/build/cc_slam_sym/cc_slam_sym/ros_bridge/slam_ros_node.py:_process_cones:362"
"[SLAM_ODOMETRY_UPDATE] pose=[81.66,13.12,0.02]";"10";"cc_slam_node";"1752844755.011166506";"/home/user1/ROS2_Workspace/Symforce_ws/build/cc_slam_sym/cc_slam_sym/ros_bridge/slam_ros_node.py:_process_odometry:338"
"[SLAM_ODOMETRY_UPDATE] pose=[81.31,13.19,0.03]";"10";"cc_slam_node";"1752844754.058324664";"/home/user1/ROS2_Workspace/Symforce_ws/build/cc_slam_sym/cc_slam_sym/ros_bridge/slam_ros_node.py:_process_odometry:338"
"[SLAM_ASSOCIATION] matched_pairs=11, unmatched_obs=1";"10";"cc_slam_node";"1752844754.030615477";"/home/user1/ROS2_Workspace/Symforce_ws/build/cc_slam_sym/cc_slam_sym/ros_bridge/slam_ros_node.py:_process_cones:363"
"[SLAM_PROCESS_CONES] observations=12, landmarks=98, candidates=14";"10";"cc_slam_node";"1752844754.030312304";"/home/user1/ROS2_Workspace/Symforce_ws/build/cc_slam_sym/cc_slam_sym/ros_bridge/slam_ros_node.py:_process_cones:362"
"[SLAM_ODOMETRY_UPDATE] pose=[81.28,13.19,0.03]";"10";"cc_slam_node";"1752844753.943927015";"/home/user1/ROS2_Workspace/Symforce_ws/build/cc_slam_sym/cc_slam_sym/ros_bridge/slam_ros_node.py:_process_odometry:338"
"[SLAM_ODOMETRY_UPDATE] pose=[81.22,13.21,0.03]";"10";"cc_slam_node";"1752844753.828740060";"/home/user1/ROS2_Workspace/Symforce_ws/build/cc_slam_sym/cc_slam_sym/ros_bridge/slam_ros_node.py:_process_odometry:338"
"Message Filter dropping message: frame 'ground_truth_base_link' at time 1752844737.560 for reason 'the timestamp on the message is earlier than all the data in the transform cache'";"20";"rviz";"1752844747.574623713";"/opt/ros/humble/include/tf2_ros/tf2_ros/message_filter.h:signalFailure:706"
"[SLAM_ODOMETRY_UPDATE] pose=[76.04,12.86,0.01]";"10";"cc_slam_node";"1752844746.880145791";"/home/user1/ROS2_Workspace/Symforce_ws/build/cc_slam_sym/cc_slam_sym/ros_bridge/slam_ros_node.py:_process_odometry:338"
"[SLAM_ADD_OBSERVATION] keyframe=8, landmark=18, obs_pos=[2.85,2.52]";"10";"cc_slam_node";"1752844746.717684902";"/home/user1/ROS2_Workspace/Symforce_ws/build/cc_slam_sym/cc_slam_sym/ros_bridge/slam_ros_node.py:_process_cones:418"
"[SLAM_ASSOCIATION] matched_pairs=8, unmatched_obs=3";"10";"cc_slam_node";"1752844746.161038687";"/home/user1/ROS2_Workspace/Symforce_ws/build/cc_slam_sym/cc_slam_sym/ros_bridge/slam_ros_node.py:_process_cones:363"
"[SLAM_PROCESS_CONES] observations=11, landmarks=26, candidates=3";"10";"cc_slam_node";"1752844746.160749482";"/home/user1/ROS2_Workspace/Symforce_ws/build/cc_slam_sym/cc_slam_sym/ros_bridge/slam_ros_node.py:_process_cones:362"
"[SLAM_ODOMETRY_UPDATE] pose=[72.69,12.78,0.01]";"10";"cc_slam_node";"1752844746.134744355";"/home/user1/ROS2_Workspace/Symforce_ws/build/cc_slam_sym/cc_slam_sym/ros_bridge/slam_ros_node.py:_process_odometry:338"
"[SLAM_ODOMETRY_UPDATE] pose=[72.63,12.77,0.01]";"10";"cc_slam_node";"1752844746.133344686";"/home/user1/ROS2_Workspace/Symforce_ws/build/cc_slam_sym/cc_slam_sym/ros_bridge/slam_ros_node.py:_process_odometry:338"
"[SLAM_ODOMETRY_UPDATE] pose=[72.59,12.77,0.01]";"10";"cc_slam_node";"1752844746.131950599";"/home/user1/ROS2_Workspace/Symforce_ws/build/cc_slam_sym/cc_slam_sym/ros_bridge/slam_ros_node.py:_process_odometry:338"
"[SLAM_ODOMETRY_UPDATE] pose=[72.56,12.79,0.01]";"10";"cc_slam_node";"1752844746.130580771";"/home/user1/ROS2_Workspace/Symforce_ws/build/cc_slam_sym/cc_slam_sym/ros_bridge/slam_ros_node.py:_process_odometry:338"
"[SLAM_ODOMETRY_UPDATE] pose=[72.50,12.78,0.01]";"10";"cc_slam_node";"1752844746.129206294";"/home/user1/ROS2_Workspace/Symforce_ws/build/cc_slam_sym/cc_slam_sym/ros_bridge/slam_ros_node.py:_process_odometry:338"
"[SLAM_ODOMETRY_UPDATE] pose=[72.46,12.80,0.01]";"10";"cc_slam_node";"1752844746.127819061";"/home/user1/ROS2_Workspace/Symforce_ws/build/cc_slam_sym/cc_slam_sym/ros_bridge/slam_ros_node.py:_process_odometry:338"
"[SLAM_ASSOCIATION] matched_pairs=7, unmatched_obs=1";"10";"cc_slam_node";"1752844743.706918158";"/home/user1/ROS2_Workspace/Symforce_ws/build/cc_slam_sym/cc_slam_sym/ros_bridge/slam_ros_node.py:_process_cones:363"
"[SLAM_PROCESS_CONES] observations=8, landmarks=16, candidates=0";"10";"cc_slam_node";"1752844743.706608982";"/home/user1/ROS2_Workspace/Symforce_ws/build/cc_slam_sym/cc_slam_sym/ros_bridge/slam_ros_node.py:_process_cones:362"
"[SLAM_ASSOCIATION] matched_pairs=7, unmatched_obs=1";"10";"cc_slam_node";"1752844743.458981244";"/home/user1/ROS2_Workspace/Symforce_ws/build/cc_slam_sym/cc_slam_sym/ros_bridge/slam_ros_node.py:_process_cones:363"
"[SLAM_ASSOCIATION] matched_pairs=7, unmatched_obs=1";"10";"cc_slam_node";"1752844742.758524585";"/home/user1/ROS2_Workspace/Symforce_ws/build/cc_slam_sym/cc_slam_sym/ros_bridge/slam_ros_node.py:_process_cones:363"
"[SLAM_PROCESS_CONES] observations=8, landmarks=11, candidates=1";"10";"cc_slam_node";"1752844742.758228556";"/home/user1/ROS2_Workspace/Symforce_ws/build/cc_slam_sym/cc_slam_sym/ros_bridge/slam_ros_node.py:_process_cones:362"
"[SLAM_ODOMETRY_UPDATE] pose=[56.02,12.50,0.03]";"10";"cc_slam_node";"1752844742.733481962";"/home/user1/ROS2_Workspace/Symforce_ws/build/cc_slam_sym/cc_slam_sym/ros_bridge/slam_ros_node.py:_process_odometry:338"
"[SLAM_ODOMETRY_UPDATE] pose=[55.97,12.47,0.03]";"10";"cc_slam_node";"1752844742.723422572";"/home/user1/ROS2_Workspace/Symforce_ws/build/cc_slam_sym/cc_slam_sym/ros_bridge/slam_ros_node.py:_process_odometry:338"
"[SLAM_ODOMETRY_UPDATE] pose=[55.96,12.46,0.03]";"10";"cc_slam_node";"1752844742.714411509";"/home/user1/ROS2_Workspace/Symforce_ws/build/cc_slam_sym/cc_slam_sym/ros_bridge/slam_ros_node.py:_process_odometry:338"
"[SLAM_ODOMETRY_UPDATE] pose=[55.91,12.46,0.03]";"10";"cc_slam_node";"1752844742.712976296";"/home/user1/ROS2_Workspace/Symforce_ws/build/cc_slam_sym/cc_slam_sym/ros_bridge/slam_ros_node.py:_process_odometry:338"
"[SLAM_ODOMETRY_UPDATE] pose=[55.88,12.46,0.03]";"10";"cc_slam_node";"1752844742.710704461";"/home/user1/ROS2_Workspace/Symforce_ws/build/cc_slam_sym/cc_slam_sym/ros_bridge/slam_ros_node.py:_process_odometry:338"
"[SLAM_ASSOCIATION] matched_pairs=8, unmatched_obs=1";"10";"cc_slam_node";"1752844742.709232061";"/home/user1/ROS2_Workspace/Symforce_ws/build/cc_slam_sym/cc_slam_sym/ros_bridge/slam_ros_node.py:_process_cones:363"
"[SLAM_PROCESS_CONES] observations=9, landmarks=11, candidates=1";"10";"cc_slam_node";"1752844742.708927634";"/home/user1/ROS2_Workspace/Symforce_ws/build/cc_slam_sym/cc_slam_sym/ros_bridge/slam_ros_node.py:_process_cones:362"
"[SLAM_ODOMETRY_UPDATE] pose=[55.84,12.50,0.03]";"10";"cc_slam_node";"1752844742.684035862";"/home/user1/ROS2_Workspace/Symforce_ws/build/cc_slam_sym/cc_slam_sym/ros_bridge/slam_ros_node.py:_process_odometry:338"
"[SLAM_ODOMETRY_UPDATE] pose=[55.80,12.49,0.03]";"10";"cc_slam_node";"1752844742.673436029";"/home/user1/ROS2_Workspace/Symforce_ws/build/cc_slam_sym/cc_slam_sym/ros_bridge/slam_ros_node.py:_process_odometry:338"
"[SLAM_GPS_UPDATE] Added GPS constraint to keyframe 1 at [55.04, 12.52]";"10";"cc_slam_node";"1752844742.668579926";"/home/user1/ROS2_Workspace/Symforce_ws/build/cc_slam_sym/cc_slam_sym/ros_bridge/slam_ros_node.py:_process_gps:532"
"[SLAM_ODOMETRY_UPDATE] pose=[55.79,12.47,0.03]";"10";"cc_slam_node";"1752844742.667869114";"/home/user1/ROS2_Workspace/Symforce_ws/build/cc_slam_sym/cc_slam_sym/ros_bridge/slam_ros_node.py:_process_odometry:338"
"[SLAM_ODOMETRY_UPDATE] pose=[55.74,12.48,0.03]";"10";"cc_slam_node";"1752844742.666461096";"/home/user1/ROS2_Workspace/Symforce_ws/build/cc_slam_sym/cc_slam_sym/ros_bridge/slam_ros_node.py:_process_odometry:338"
"[SLAM_ODOMETRY_UPDATE] pose=[55.67,12.48,0.03]";"10";"cc_slam_node";"1752844742.665001823";"/home/user1/ROS2_Workspace/Symforce_ws/build/cc_slam_sym/cc_slam_sym/ros_bridge/slam_ros_node.py:_process_odometry:338"
"[SLAM_ASSOCIATION] matched_pairs=8, unmatched_obs=0";"10";"cc_slam_node";"1752844742.658433256";"/home/user1/ROS2_Workspace/Symforce_ws/build/cc_slam_sym/cc_slam_sym/ros_bridge/slam_ros_node.py:_process_cones:363"
"[SLAM_PROCESS_CONES] observations=8, landmarks=11, candidates=0";"10";"cc_slam_node";"1752844742.658073356";"/home/user1/ROS2_Workspace/Symforce_ws/build/cc_slam_sym/cc_slam_sym/ros_bridge/slam_ros_node.py:_process_cones:362"
"[SLAM_ODOMETRY_UPDATE] pose=[55.60,12.50,0.03]";"10";"cc_slam_node";"1752844742.633780195";"/home/user1/ROS2_Workspace/Symforce_ws/build/cc_slam_sym/cc_slam_sym/ros_bridge/slam_ros_node.py:_process_odometry:338"
"[SLAM_ODOMETRY_UPDATE] pose=[55.56,12.51,0.03]";"10";"cc_slam_node";"1752844742.623718791";"/home/user1/ROS2_Workspace/Symforce_ws/build/cc_slam_sym/cc_slam_sym/ros_bridge/slam_ros_node.py:_process_odometry:338"
"[SLAM_ODOMETRY_UPDATE] pose=[55.50,12.53,0.03]";"10";"cc_slam_node";"1752844742.612954009";"/home/user1/ROS2_Workspace/Symforce_ws/build/cc_slam_sym/cc_slam_sym/ros_bridge/slam_ros_node.py:_process_odometry:338"
"[SLAM_ODOMETRY_UPDATE] pose=[55.44,12.52,0.03]";"10";"cc_slam_node";"1752844742.611081115";"/home/user1/ROS2_Workspace/Symforce_ws/build/cc_slam_sym/cc_slam_sym/ros_bridge/slam_ros_node.py:_process_odometry:338"
"[SLAM_ODOMETRY_UPDATE] pose=[55.38,12.52,0.03]";"10";"cc_slam_node";"1752844742.609718340";"/home/user1/ROS2_Workspace/Symforce_ws/build/cc_slam_sym/cc_slam_sym/ros_bridge/slam_ros_node.py:_process_odometry:338"
"[SLAM_ASSOCIATION] matched_pairs=7, unmatched_obs=1";"10";"cc_slam_node";"1752844742.608274770";"/home/user1/ROS2_Workspace/Symforce_ws/build/cc_slam_sym/cc_slam_sym/ros_bridge/slam_ros_node.py:_process_cones:363"
"[SLAM_PROCESS_CONES] observations=8, landmarks=11, candidates=0";"10";"cc_slam_node";"1752844742.607924409";"/home/user1/ROS2_Workspace/Symforce_ws/build/cc_slam_sym/cc_slam_sym/ros_bridge/slam_ros_node.py:_process_cones:362"
"[SLAM_ODOMETRY_UPDATE] pose=[55.34,12.52,0.03]";"10";"cc_slam_node";"1752844742.583736054";"/home/user1/ROS2_Workspace/Symforce_ws/build/cc_slam_sym/cc_slam_sym/ros_bridge/slam_ros_node.py:_process_odometry:338"
"[SLAM_ODOMETRY_UPDATE] pose=[55.13,12.50,0.03]";"10";"cc_slam_node";"1752844742.533443822";"/home/user1/ROS2_Workspace/Symforce_ws/build/cc_slam_sym/cc_slam_sym/ros_bridge/slam_ros_node.py:_process_odometry:338"
"[SLAM_ODOMETRY_UPDATE] pose=[55.07,12.52,0.03]";"10";"cc_slam_node";"1752844742.523416057";"/home/user1/ROS2_Workspace/Symforce_ws/build/cc_slam_sym/cc_slam_sym/ros_bridge/slam_ros_node.py:_process_odometry:338"
"[SLAM_ODOMETRY_UPDATE] pose=[55.00,12.52,0.03]";"10";"cc_slam_node";"1752844742.513192990";"/home/user1/ROS2_Workspace/Symforce_ws/build/cc_slam_sym/cc_slam_sym/ros_bridge/slam_ros_node.py:_process_odometry:338"
"[SLAM_ODOMETRY_UPDATE] pose=[54.95,12.47,0.03]";"10";"cc_slam_node";"1752844742.510362375";"/home/user1/ROS2_Workspace/Symforce_ws/build/cc_slam_sym/cc_slam_sym/ros_bridge/slam_ros_node.py:_process_odometry:338"
"[SLAM_ODOMETRY_UPDATE] pose=[54.87,12.49,0.03]";"10";"cc_slam_node";"1752844742.508912160";"/home/user1/ROS2_Workspace/Symforce_ws/build/cc_slam_sym/cc_slam_sym/ros_bridge/slam_ros_node.py:_process_odometry:338"
"[SLAM_ASSOCIATION] matched_pairs=7, unmatched_obs=1";"10";"cc_slam_node";"1752844742.507432365";"/home/user1/ROS2_Workspace/Symforce_ws/build/cc_slam_sym/cc_slam_sym/ros_bridge/slam_ros_node.py:_process_cones:363"
"[SLAM_PROCESS_CONES] observations=8, landmarks=10, candidates=1";"10";"cc_slam_node";"1752844742.507119993";"/home/user1/ROS2_Workspace/Symforce_ws/build/cc_slam_sym/cc_slam_sym/ros_bridge/slam_ros_node.py:_process_cones:362"
"[SLAM_ODOMETRY_UPDATE] pose=[54.79,12.50,0.03]";"10";"cc_slam_node";"1752844742.483513565";"/home/user1/ROS2_Workspace/Symforce_ws/build/cc_slam_sym/cc_slam_sym/ros_bridge/slam_ros_node.py:_process_odometry:338"
"[SLAM_ODOMETRY_UPDATE] pose=[54.75,12.50,0.03]";"10";"cc_slam_node";"1752844742.473170260";"/home/user1/ROS2_Workspace/Symforce_ws/build/cc_slam_sym/cc_slam_sym/ros_bridge/slam_ros_node.py:_process_odometry:338"
"[SLAM_ODOMETRY_UPDATE] pose=[54.66,12.50,0.03]";"10";"cc_slam_node";"1752844742.468334509";"/home/user1/ROS2_Workspace/Symforce_ws/build/cc_slam_sym/cc_slam_sym/ros_bridge/slam_ros_node.py:_process_odometry:338"
"[SLAM_ODOMETRY_UPDATE] pose=[54.60,12.52,0.03]";"10";"cc_slam_node";"1752844742.466934569";"/home/user1/ROS2_Workspace/Symforce_ws/build/cc_slam_sym/cc_slam_sym/ros_bridge/slam_ros_node.py:_process_odometry:338"
"[SLAM_ODOMETRY_UPDATE] pose=[54.54,12.55,0.03]";"10";"cc_slam_node";"1752844742.465484775";"/home/user1/ROS2_Workspace/Symforce_ws/build/cc_slam_sym/cc_slam_sym/ros_bridge/slam_ros_node.py:_process_odometry:338"
"[SLAM_ASSOCIATION] matched_pairs=7, unmatched_obs=0";"10";"cc_slam_node";"1752844742.459585846";"/home/user1/ROS2_Workspace/Symforce_ws/build/cc_slam_sym/cc_slam_sym/ros_bridge/slam_ros_node.py:_process_cones:363"
"[SLAM_PROCESS_CONES] observations=7, landmarks=10, candidates=0";"10";"cc_slam_node";"1752844742.459253062";"/home/user1/ROS2_Workspace/Symforce_ws/build/cc_slam_sym/cc_slam_sym/ros_bridge/slam_ros_node.py:_process_cones:362"
"[SLAM_ODOMETRY_UPDATE] pose=[54.44,12.56,0.03]";"10";"cc_slam_node";"1752844742.433582907";"/home/user1/ROS2_Workspace/Symforce_ws/build/cc_slam_sym/cc_slam_sym/ros_bridge/slam_ros_node.py:_process_odometry:338"
"[SLAM_ODOMETRY_UPDATE] pose=[54.39,12.58,0.03]";"10";"cc_slam_node";"1752844742.423480989";"/home/user1/ROS2_Workspace/Symforce_ws/build/cc_slam_sym/cc_slam_sym/ros_bridge/slam_ros_node.py:_process_odometry:338"
"[SLAM_GPS_UPDATE] Added GPS constraint to keyframe 1 at [53.84, 12.50]";"10";"cc_slam_node";"1752844742.418330290";"/home/user1/ROS2_Workspace/Symforce_ws/build/cc_slam_sym/cc_slam_sym/ros_bridge/slam_ros_node.py:_process_gps:532"
"[SLAM_ODOMETRY_UPDATE] pose=[54.30,12.59,0.03]";"10";"cc_slam_node";"1752844742.413181565";"/home/user1/ROS2_Workspace/Symforce_ws/build/cc_slam_sym/cc_slam_sym/ros_bridge/slam_ros_node.py:_process_odometry:338"
"[SLAM_ODOMETRY_UPDATE] pose=[54.29,12.59,0.03]";"10";"cc_slam_node";"1752844742.410703957";"/home/user1/ROS2_Workspace/Symforce_ws/build/cc_slam_sym/cc_slam_sym/ros_bridge/slam_ros_node.py:_process_odometry:338"
"[SLAM_ODOMETRY_UPDATE] pose=[54.24,12.56,0.03]";"10";"cc_slam_node";"1752844742.409233711";"/home/user1/ROS2_Workspace/Symforce_ws/build/cc_slam_sym/cc_slam_sym/ros_bridge/slam_ros_node.py:_process_odometry:338"
"[SLAM_ASSOCIATION] matched_pairs=7, unmatched_obs=0";"10";"cc_slam_node";"1752844742.407795772";"/home/user1/ROS2_Workspace/Symforce_ws/build/cc_slam_sym/cc_slam_sym/ros_bridge/slam_ros_node.py:_process_cones:363"
"[SLAM_PROCESS_CONES] observations=7, landmarks=10, candidates=0";"10";"cc_slam_node";"1752844742.407490103";"/home/user1/ROS2_Workspace/Symforce_ws/build/cc_slam_sym/cc_slam_sym/ros_bridge/slam_ros_node.py:_process_cones:362"
"[SLAM_ODOMETRY_UPDATE] pose=[54.19,12.58,0.03]";"10";"cc_slam_node";"1752844742.383195259";"/home/user1/ROS2_Workspace/Symforce_ws/build/cc_slam_sym/cc_slam_sym/ros_bridge/slam_ros_node.py:_process_odometry:338"
"[SLAM_ODOMETRY_UPDATE] pose=[54.11,12.60,0.03]";"10";"cc_slam_node";"1752844742.374679666";"/home/user1/ROS2_Workspace/Symforce_ws/build/cc_slam_sym/cc_slam_sym/ros_bridge/slam_ros_node.py:_process_odometry:338"
"[SLAM_ODOMETRY_UPDATE] pose=[54.04,12.57,0.03]";"10";"cc_slam_node";"1752844742.373247108";"/home/user1/ROS2_Workspace/Symforce_ws/build/cc_slam_sym/cc_slam_sym/ros_bridge/slam_ros_node.py:_process_odometry:338"
"[SLAM_ODOMETRY_UPDATE] pose=[53.99,12.57,0.03]";"10";"cc_slam_node";"1752844742.371822336";"/home/user1/ROS2_Workspace/Symforce_ws/build/cc_slam_sym/cc_slam_sym/ros_bridge/slam_ros_node.py:_process_odometry:338"
"[SLAM_ODOMETRY_UPDATE] pose=[53.92,12.58,0.03]";"10";"cc_slam_node";"1752844742.370398315";"/home/user1/ROS2_Workspace/Symforce_ws/build/cc_slam_sym/cc_slam_sym/ros_bridge/slam_ros_node.py:_process_odometry:338"
"[SLAM_ODOMETRY_UPDATE] pose=[53.87,12.59,0.03]";"10";"cc_slam_node";"1752844742.368945726";"/home/user1/ROS2_Workspace/Symforce_ws/build/cc_slam_sym/cc_slam_sym/ros_bridge/slam_ros_node.py:_process_odometry:338"
"[SLAM_ODOMETRY_UPDATE] pose=[53.84,12.58,0.03]";"10";"cc_slam_node";"1752844742.367505823";"/home/user1/ROS2_Workspace/Symforce_ws/build/cc_slam_sym/cc_slam_sym/ros_bridge/slam_ros_node.py:_process_odometry:338"
"[SLAM_ODOMETRY_UPDATE] pose=[53.77,12.53,0.03]";"10";"cc_slam_node";"1752844742.365959211";"/home/user1/ROS2_Workspace/Symforce_ws/build/cc_slam_sym/cc_slam_sym/ros_bridge/slam_ros_node.py:_process_odometry:338"
"[SLAM_ASSOCIATION] matched_pairs=8, unmatched_obs=0";"10";"cc_slam_node";"1752844742.358256931";"/home/user1/ROS2_Workspace/Symforce_ws/build/cc_slam_sym/cc_slam_sym/ros_bridge/slam_ros_node.py:_process_cones:363"
"[SLAM_PROCESS_CONES] observations=8, landmarks=10, candidates=0";"10";"cc_slam_node";"1752844742.357893062";"/home/user1/ROS2_Workspace/Symforce_ws/build/cc_slam_sym/cc_slam_sym/ros_bridge/slam_ros_node.py:_process_cones:362"
"[SLAM_ODOMETRY_UPDATE] pose=[53.73,12.53,0.03]";"10";"cc_slam_node";"1752844742.343514263";"/home/user1/ROS2_Workspace/Symforce_ws/build/cc_slam_sym/cc_slam_sym/ros_bridge/slam_ros_node.py:_process_odometry:338"
"[SLAM_ODOMETRY_UPDATE] pose=[53.69,12.50,0.03]";"10";"cc_slam_node";"1752844742.341482031";"/home/user1/ROS2_Workspace/Symforce_ws/build/cc_slam_sym/cc_slam_sym/ros_bridge/slam_ros_node.py:_process_odometry:338"
"[SLAM_GPS_UPDATE] Added GPS constraint to keyframe 1 at [53.19, 12.47]";"10";"cc_slam_node";"1752844742.340046166";"/home/user1/ROS2_Workspace/Symforce_ws/build/cc_slam_sym/cc_slam_sym/ros_bridge/slam_ros_node.py:_process_gps:532"
"Backend now has 2 keyframes";"10";"cc_slam_node";"1752844742.339305582";"/home/user1/ROS2_Workspace/Symforce_ws/build/cc_slam_sym/cc_slam_sym/ros_bridge/slam_ros_node.py:_process_cones:511"
"[SLAM_NO_OPT_YET_V2] consecutive=2/5, total=2";"20";"cc_slam_node";"1752844742.338974020";"/home/user1/ROS2_Workspace/Symforce_ws/build/cc_slam_sym/cc_slam_sym/ros_bridge/slam_ros_node.py:_process_cones:509"
"[SLAM_BACKEND_STATE_V2] graph_size=14, factors_since_opt=13, keyframes_since_opt=2, total_kf=2, opt_interval=5";"20";"cc_slam_node";"1752844742.338677229";"/home/user1/ROS2_Workspace/Symforce_ws/build/cc_slam_sym/cc_slam_sym/ros_bridge/slam_ros_node.py:_process_cones:490"
"[SLAM_KEYFRAME_PROCESSED_V2] KF 1 complete - ready for opt check";"20";"cc_slam_node";"1752844742.338373384";"/home/user1/ROS2_Workspace/Symforce_ws/build/cc_slam_sym/cc_slam_sym/ros_bridge/slam_ros_node.py:_process_cones:484"
"[SLAM_PATTERN_CALL_V5] add_pattern_factors completed for KF 1";"20";"cc_slam_node";"1752844742.338036822";"/home/user1/ROS2_Workspace/Symforce_ws/build/cc_slam_sym/cc_slam_sym/ros_bridge/slam_ros_node.py:_process_cones:475"
"[ROS_PATTERN_DEBUG] Backend test result: True";"20";"cc_slam_node";"1752844742.323351302";"/home/user1/ROS2_Workspace/Symforce_ws/build/cc_slam_sym/cc_slam_sym/ros_bridge/slam_ros_node.py:_process_cones:472"
"[ROS_PATTERN_DEBUG] Testing backend...";"20";"cc_slam_node";"1752844742.322812182";"/home/user1/ROS2_Workspace/Symforce_ws/build/cc_slam_sym/cc_slam_sym/ros_bridge/slam_ros_node.py:_process_cones:470"
"[ROS_PATTERN_DEBUG] Backend has add_pattern_factors: True";"20";"cc_slam_node";"1752844742.322515261";"/home/user1/ROS2_Workspace/Symforce_ws/build/cc_slam_sym/cc_slam_sym/ros_bridge/slam_ros_node.py:_process_cones:468"
"[ROS_PATTERN_DEBUG] Backend object: <cc_slam_sym.slam_core.backend.SlamBackend object at 0x7ee885ff9780>, type: <class 'cc_slam_sym.slam_core.backend.SlamBackend'>";"20";"cc_slam_node";"1752844742.321725857";"/home/user1/ROS2_Workspace/Symforce_ws/build/cc_slam_sym/cc_slam_sym/ros_bridge/slam_ros_node.py:_process_cones:467"
"[SLAM_PATTERN_CALL_V5] Calling add_pattern_factors for KF 1";"20";"cc_slam_node";"1752844742.321427573";"/home/user1/ROS2_Workspace/Symforce_ws/build/cc_slam_sym/cc_slam_sym/ros_bridge/slam_ros_node.py:_process_cones:466"
"[SLAM_OBSERVATION_FACTORS] Added 8 observation factors for keyframe 1";"20";"cc_slam_node";"1752844742.321138228";"/home/user1/ROS2_Workspace/Symforce_ws/build/cc_slam_sym/cc_slam_sym/ros_bridge/slam_ros_node.py:_process_cones:462"
"[SLAM_ADD_OBSERVATION] keyframe=1, landmark=9, obs_pos=[14.02,2.35]";"10";"cc_slam_node";"1752844742.320839793";"/home/user1/ROS2_Workspace/Symforce_ws/build/cc_slam_sym/cc_slam_sym/ros_bridge/slam_ros_node.py:_process_cones:418"
"[SLAM_ADD_OBSERVATION] keyframe=1, landmark=6, obs_pos=[10.53,2.42]";"10";"cc_slam_node";"1752844742.319641818";"/home/user1/ROS2_Workspace/Symforce_ws/build/cc_slam_sym/cc_slam_sym/ros_bridge/slam_ros_node.py:_process_cones:418"
"[SLAM_ADD_OBSERVATION] keyframe=1, landmark=5, obs_pos=[7.05,2.46]";"10";"cc_slam_node";"1752844742.318302763";"/home/user1/ROS2_Workspace/Symforce_ws/build/cc_slam_sym/cc_slam_sym/ros_bridge/slam_ros_node.py:_process_cones:418"
"[SLAM_ADD_OBSERVATION] keyframe=1, landmark=4, obs_pos=[3.54,2.48]";"10";"cc_slam_node";"1752844742.317016426";"/home/user1/ROS2_Workspace/Symforce_ws/build/cc_slam_sym/cc_slam_sym/ros_bridge/slam_ros_node.py:_process_cones:418"
"[SLAM_ADD_OBSERVATION] keyframe=1, landmark=7, obs_pos=[12.18,-2.62]";"10";"cc_slam_node";"1752844742.315741803";"/home/user1/ROS2_Workspace/Symforce_ws/build/cc_slam_sym/cc_slam_sym/ros_bridge/slam_ros_node.py:_process_cones:418"
"[SLAM_ADD_OBSERVATION] keyframe=1, landmark=2, obs_pos=[8.74,-2.57]";"10";"cc_slam_node";"1752844742.314438220";"/home/user1/ROS2_Workspace/Symforce_ws/build/cc_slam_sym/cc_slam_sym/ros_bridge/slam_ros_node.py:_process_cones:418"
"[SLAM_ADD_OBSERVATION] keyframe=1, landmark=1, obs_pos=[5.18,-2.46]";"10";"cc_slam_node";"1752844742.313037838";"/home/user1/ROS2_Workspace/Symforce_ws/build/cc_slam_sym/cc_slam_sym/ros_bridge/slam_ros_node.py:_process_cones:418"
"[SLAM_ADD_OBSERVATION] keyframe=1, landmark=0, obs_pos=[1.76,-2.49]";"10";"cc_slam_node";"1752844742.310929279";"/home/user1/ROS2_Workspace/Symforce_ws/build/cc_slam_sym/cc_slam_sym/ros_bridge/slam_ros_node.py:_process_cones:418"
"[SLAM_KEYFRAME_ASSOCIATION] keyframe=1, matched_pairs=8, new_landmarks=0";"10";"cc_slam_node";"1752844742.309412949";"/home/user1/ROS2_Workspace/Symforce_ws/build/cc_slam_sym/cc_slam_sym/ros_bridge/slam_ros_node.py:_process_cones:402"
"[SLAM_KEYFRAME_CREATED] id=1, pose=[53.65,12.48,0.03]";"20";"cc_slam_node";"1752844742.308596309";"/home/user1/ROS2_Workspace/Symforce_ws/build/cc_slam_sym/cc_slam_sym/ros_bridge/slam_ros_node.py:_process_cones:384"
"[SLAM_ASSOCIATION] matched_pairs=8, unmatched_obs=0";"10";"cc_slam_node";"1752844742.308203300";"/home/user1/ROS2_Workspace/Symforce_ws/build/cc_slam_sym/cc_slam_sym/ros_bridge/slam_ros_node.py:_process_cones:363"
"[SLAM_PROCESS_CONES] observations=8, landmarks=10, candidates=0";"10";"cc_slam_node";"1752844742.307894895";"/home/user1/ROS2_Workspace/Symforce_ws/build/cc_slam_sym/cc_slam_sym/ros_bridge/slam_ros_node.py:_process_cones:362"
"[SLAM_ODOMETRY_UPDATE] pose=[53.65,12.48,0.03]";"10";"cc_slam_node";"1752844742.283533103";"/home/user1/ROS2_Workspace/Symforce_ws/build/cc_slam_sym/cc_slam_sym/ros_bridge/slam_ros_node.py:_process_odometry:338"
"[SLAM_ODOMETRY_UPDATE] pose=[53.60,12.48,0.03]";"10";"cc_slam_node";"1752844742.273168625";"/home/user1/ROS2_Workspace/Symforce_ws/build/cc_slam_sym/cc_slam_sym/ros_bridge/slam_ros_node.py:_process_odometry:338"
"[SLAM_ODOMETRY_UPDATE] pose=[53.55,12.49,0.03]";"10";"cc_slam_node";"1752844742.267176414";"/home/user1/ROS2_Workspace/Symforce_ws/build/cc_slam_sym/cc_slam_sym/ros_bridge/slam_ros_node.py:_process_odometry:338"
"[SLAM_ODOMETRY_UPDATE] pose=[53.52,12.51,0.03]";"10";"cc_slam_node";"1752844742.265752214";"/home/user1/ROS2_Workspace/Symforce_ws/build/cc_slam_sym/cc_slam_sym/ros_bridge/slam_ros_node.py:_process_odometry:338"
"[SLAM_ODOMETRY_UPDATE] pose=[53.47,12.50,0.03]";"10";"cc_slam_node";"1752844742.264301017";"/home/user1/ROS2_Workspace/Symforce_ws/build/cc_slam_sym/cc_slam_sym/ros_bridge/slam_ros_node.py:_process_odometry:338"
"[SLAM_ASSOCIATION] matched_pairs=7, unmatched_obs=1";"10";"cc_slam_node";"1752844742.260026321";"/home/user1/ROS2_Workspace/Symforce_ws/build/cc_slam_sym/cc_slam_sym/ros_bridge/slam_ros_node.py:_process_cones:363"
"[SLAM_PROCESS_CONES] observations=8, landmarks=10, candidates=0";"10";"cc_slam_node";"1752844742.259584913";"/home/user1/ROS2_Workspace/Symforce_ws/build/cc_slam_sym/cc_slam_sym/ros_bridge/slam_ros_node.py:_process_cones:362"
"[SLAM_ODOMETRY_UPDATE] pose=[53.44,12.51,0.03]";"10";"cc_slam_node";"1752844742.233377813";"/home/user1/ROS2_Workspace/Symforce_ws/build/cc_slam_sym/cc_slam_sym/ros_bridge/slam_ros_node.py:_process_odometry:338"
"[SLAM_ODOMETRY_UPDATE] pose=[53.37,12.51,0.03]";"10";"cc_slam_node";"1752844742.223897435";"/home/user1/ROS2_Workspace/Symforce_ws/build/cc_slam_sym/cc_slam_sym/ros_bridge/slam_ros_node.py:_process_odometry:338"
"[SLAM_ODOMETRY_UPDATE] pose=[53.29,12.51,0.03]";"10";"cc_slam_node";"1752844742.213611398";"/home/user1/ROS2_Workspace/Symforce_ws/build/cc_slam_sym/cc_slam_sym/ros_bridge/slam_ros_node.py:_process_odometry:338"
"[SLAM_ODOMETRY_UPDATE] pose=[53.22,12.52,0.03]";"10";"cc_slam_node";"1752844742.211485984";"/home/user1/ROS2_Workspace/Symforce_ws/build/cc_slam_sym/cc_slam_sym/ros_bridge/slam_ros_node.py:_process_odometry:338"
"[SLAM_ODOMETRY_UPDATE] pose=[53.24,12.51,0.03]";"10";"cc_slam_node";"1752844742.210047494";"/home/user1/ROS2_Workspace/Symforce_ws/build/cc_slam_sym/cc_slam_sym/ros_bridge/slam_ros_node.py:_process_odometry:338"
"[SLAM_ASSOCIATION] matched_pairs=8, unmatched_obs=1";"10";"cc_slam_node";"1752844742.208548960";"/home/user1/ROS2_Workspace/Symforce_ws/build/cc_slam_sym/cc_slam_sym/ros_bridge/slam_ros_node.py:_process_cones:363"
"[SLAM_PROCESS_CONES] observations=9, landmarks=9, candidates=1";"10";"cc_slam_node";"1752844742.208120739";"/home/user1/ROS2_Workspace/Symforce_ws/build/cc_slam_sym/cc_slam_sym/ros_bridge/slam_ros_node.py:_process_cones:362"
"[SLAM_ODOMETRY_UPDATE] pose=[53.21,12.51,0.03]";"10";"cc_slam_node";"1752844742.183814421";"/home/user1/ROS2_Workspace/Symforce_ws/build/cc_slam_sym/cc_slam_sym/ros_bridge/slam_ros_node.py:_process_odometry:338"
"[SLAM_ODOMETRY_UPDATE] pose=[53.17,12.53,0.03]";"10";"cc_slam_node";"1752844742.173565932";"/home/user1/ROS2_Workspace/Symforce_ws/build/cc_slam_sym/cc_slam_sym/ros_bridge/slam_ros_node.py:_process_odometry:338"
"[SLAM_GPS_UPDATE] Added GPS constraint to keyframe 0 at [52.62, 12.49]";"10";"cc_slam_node";"1752844742.168316730";"/home/user1/ROS2_Workspace/Symforce_ws/build/cc_slam_sym/cc_slam_sym/ros_bridge/slam_ros_node.py:_process_gps:532"
"[SLAM_ODOMETRY_UPDATE] pose=[53.11,12.56,0.03]";"10";"cc_slam_node";"1752844742.163976869";"/home/user1/ROS2_Workspace/Symforce_ws/build/cc_slam_sym/cc_slam_sym/ros_bridge/slam_ros_node.py:_process_odometry:338"
"[SLAM_ODOMETRY_UPDATE] pose=[53.08,12.55,0.03]";"10";"cc_slam_node";"1752844742.162587090";"/home/user1/ROS2_Workspace/Symforce_ws/build/cc_slam_sym/cc_slam_sym/ros_bridge/slam_ros_node.py:_process_odometry:338"
"[SLAM_ODOMETRY_UPDATE] pose=[53.03,12.55,0.03]";"10";"cc_slam_node";"1752844742.161102775";"/home/user1/ROS2_Workspace/Symforce_ws/build/cc_slam_sym/cc_slam_sym/ros_bridge/slam_ros_node.py:_process_odometry:338"
"[SLAM_ASSOCIATION] matched_pairs=7, unmatched_obs=2";"10";"cc_slam_node";"1752844742.157738592";"/home/user1/ROS2_Workspace/Symforce_ws/build/cc_slam_sym/cc_slam_sym/ros_bridge/slam_ros_node.py:_process_cones:363"
"[SLAM_PROCESS_CONES] observations=9, landmarks=9, candidates=1";"10";"cc_slam_node";"1752844742.157423925";"/home/user1/ROS2_Workspace/Symforce_ws/build/cc_slam_sym/cc_slam_sym/ros_bridge/slam_ros_node.py:_process_cones:362"
"[SLAM_ODOMETRY_UPDATE] pose=[52.99,12.55,0.03]";"10";"cc_slam_node";"1752844742.133428898";"/home/user1/ROS2_Workspace/Symforce_ws/build/cc_slam_sym/cc_slam_sym/ros_bridge/slam_ros_node.py:_process_odometry:338"
"[SLAM_ODOMETRY_UPDATE] pose=[52.90,12.53,0.03]";"10";"cc_slam_node";"1752844742.127671069";"/home/user1/ROS2_Workspace/Symforce_ws/build/cc_slam_sym/cc_slam_sym/ros_bridge/slam_ros_node.py:_process_odometry:338"
"[SLAM_ODOMETRY_UPDATE] pose=[52.85,12.49,0.03]";"10";"cc_slam_node";"1752844742.126237519";"/home/user1/ROS2_Workspace/Symforce_ws/build/cc_slam_sym/cc_slam_sym/ros_bridge/slam_ros_node.py:_process_odometry:338"
"[SLAM_ODOMETRY_UPDATE] pose=[52.79,12.48,0.03]";"10";"cc_slam_node";"1752844742.124755179";"/home/user1/ROS2_Workspace/Symforce_ws/build/cc_slam_sym/cc_slam_sym/ros_bridge/slam_ros_node.py:_process_odometry:338"
"[SLAM_ODOMETRY_UPDATE] pose=[52.73,12.50,0.03]";"10";"cc_slam_node";"1752844742.123371582";"/home/user1/ROS2_Workspace/Symforce_ws/build/cc_slam_sym/cc_slam_sym/ros_bridge/slam_ros_node.py:_process_odometry:338"
"[SLAM_ODOMETRY_UPDATE] pose=[52.63,12.48,0.03]";"10";"cc_slam_node";"1752844742.121970508";"/home/user1/ROS2_Workspace/Symforce_ws/build/cc_slam_sym/cc_slam_sym/ros_bridge/slam_ros_node.py:_process_odometry:338"
"[SLAM_ODOMETRY_UPDATE] pose=[52.57,12.49,0.04]";"10";"cc_slam_node";"1752844742.120554064";"/home/user1/ROS2_Workspace/Symforce_ws/build/cc_slam_sym/cc_slam_sym/ros_bridge/slam_ros_node.py:_process_odometry:338"
"[SLAM_ODOMETRY_UPDATE] pose=[52.53,12.48,0.03]";"10";"cc_slam_node";"1752844742.119127027";"/home/user1/ROS2_Workspace/Symforce_ws/build/cc_slam_sym/cc_slam_sym/ros_bridge/slam_ros_node.py:_process_odometry:338"
"[SLAM_ODOMETRY_UPDATE] pose=[52.46,12.47,0.03]";"10";"cc_slam_node";"1752844742.117749422";"/home/user1/ROS2_Workspace/Symforce_ws/build/cc_slam_sym/cc_slam_sym/ros_bridge/slam_ros_node.py:_process_odometry:338"
"[SLAM_ODOMETRY_UPDATE] pose=[52.43,12.47,0.03]";"10";"cc_slam_node";"1752844742.116214864";"/home/user1/ROS2_Workspace/Symforce_ws/build/cc_slam_sym/cc_slam_sym/ros_bridge/slam_ros_node.py:_process_odometry:338"
"[SLAM_ODOMETRY_UPDATE] pose=[52.37,12.49,0.04]";"10";"cc_slam_node";"1752844742.114832670";"/home/user1/ROS2_Workspace/Symforce_ws/build/cc_slam_sym/cc_slam_sym/ros_bridge/slam_ros_node.py:_process_odometry:338"
"[SLAM_ODOMETRY_UPDATE] pose=[52.28,12.49,0.03]";"10";"cc_slam_node";"1752844742.113418270";"/home/user1/ROS2_Workspace/Symforce_ws/build/cc_slam_sym/cc_slam_sym/ros_bridge/slam_ros_node.py:_process_odometry:338"
"[SLAM_ODOMETRY_UPDATE] pose=[52.23,12.49,0.03]";"10";"cc_slam_node";"1752844742.111563072";"/home/user1/ROS2_Workspace/Symforce_ws/build/cc_slam_sym/cc_slam_sym/ros_bridge/slam_ros_node.py:_process_odometry:338"
"[SLAM_ODOMETRY_UPDATE] pose=[52.21,12.53,0.03]";"10";"cc_slam_node";"1752844742.110100883";"/home/user1/ROS2_Workspace/Symforce_ws/build/cc_slam_sym/cc_slam_sym/ros_bridge/slam_ros_node.py:_process_odometry:338"
"[SLAM_ODOMETRY_UPDATE] pose=[52.13,12.53,0.03]";"10";"cc_slam_node";"1752844742.108710772";"/home/user1/ROS2_Workspace/Symforce_ws/build/cc_slam_sym/cc_slam_sym/ros_bridge/slam_ros_node.py:_process_odometry:338"
"[SLAM_ODOMETRY_UPDATE] pose=[52.04,12.52,0.04]";"10";"cc_slam_node";"1752844742.107312365";"/home/user1/ROS2_Workspace/Symforce_ws/build/cc_slam_sym/cc_slam_sym/ros_bridge/slam_ros_node.py:_process_odometry:338"
"[SLAM_ASSOCIATION] matched_pairs=7, unmatched_obs=1";"10";"cc_slam_node";"1752844742.105843913";"/home/user1/ROS2_Workspace/Symforce_ws/build/cc_slam_sym/cc_slam_sym/ros_bridge/slam_ros_node.py:_process_cones:363"
"[SLAM_PROCESS_CONES] observations=8, landmarks=8, candidates=1";"10";"cc_slam_node";"1752844742.105531751";"/home/user1/ROS2_Workspace/Symforce_ws/build/cc_slam_sym/cc_slam_sym/ros_bridge/slam_ros_node.py:_process_cones:362"
"[SLAM_ODOMETRY_UPDATE] pose=[52.00,12.52,0.03]";"10";"cc_slam_node";"1752844742.093658618";"/home/user1/ROS2_Workspace/Symforce_ws/build/cc_slam_sym/cc_slam_sym/ros_bridge/slam_ros_node.py:_process_odometry:338"
"[SLAM_ODOMETRY_UPDATE] pose=[51.94,12.49,0.04]";"10";"cc_slam_node";"1752844742.092091313";"/home/user1/ROS2_Workspace/Symforce_ws/build/cc_slam_sym/cc_slam_sym/ros_bridge/slam_ros_node.py:_process_odometry:338"
"[SLAM_ASSOCIATION] matched_pairs=7, unmatched_obs=1";"10";"cc_slam_node";"1752844742.090632671";"/home/user1/ROS2_Workspace/Symforce_ws/build/cc_slam_sym/cc_slam_sym/ros_bridge/slam_ros_node.py:_process_cones:363"
"[SLAM_PROCESS_CONES] observations=8, landmarks=8, candidates=1";"10";"cc_slam_node";"1752844742.090325669";"/home/user1/ROS2_Workspace/Symforce_ws/build/cc_slam_sym/cc_slam_sym/ros_bridge/slam_ros_node.py:_process_cones:362"
"[SLAM_ODOMETRY_UPDATE] pose=[51.88,12.49,0.04]";"10";"cc_slam_node";"1752844742.078726350";"/home/user1/ROS2_Workspace/Symforce_ws/build/cc_slam_sym/cc_slam_sym/ros_bridge/slam_ros_node.py:_process_odometry:338"
"[SLAM_ASSOCIATION] matched_pairs=8, unmatched_obs=0";"10";"cc_slam_node";"1752844742.077265394";"/home/user1/ROS2_Workspace/Symforce_ws/build/cc_slam_sym/cc_slam_sym/ros_bridge/slam_ros_node.py:_process_cones:363"
"[SLAM_PROCESS_CONES] observations=8, landmarks=8, candidates=0";"10";"cc_slam_node";"1752844742.076955005";"/home/user1/ROS2_Workspace/Symforce_ws/build/cc_slam_sym/cc_slam_sym/ros_bridge/slam_ros_node.py:_process_cones:362"
"[SLAM_ODOMETRY_UPDATE] pose=[51.80,12.51,0.03]";"10";"cc_slam_node";"1752844742.064459392";"/home/user1/ROS2_Workspace/Symforce_ws/build/cc_slam_sym/cc_slam_sym/ros_bridge/slam_ros_node.py:_process_odometry:338"
"[SLAM_GPS_UPDATE] Added GPS constraint to keyframe 0 at [51.92, 12.46]";"10";"cc_slam_node";"1752844742.063031714";"/home/user1/ROS2_Workspace/Symforce_ws/build/cc_slam_sym/cc_slam_sym/ros_bridge/slam_ros_node.py:_process_gps:532"
"[SLAM_ASSOCIATION] matched_pairs=8, unmatched_obs=0";"10";"cc_slam_node";"1752844742.058564762";"/home/user1/ROS2_Workspace/Symforce_ws/build/cc_slam_sym/cc_slam_sym/ros_bridge/slam_ros_node.py:_process_cones:363"
"[SLAM_PROCESS_CONES] observations=8, landmarks=8, candidates=0";"10";"cc_slam_node";"1752844742.058257570";"/home/user1/ROS2_Workspace/Symforce_ws/build/cc_slam_sym/cc_slam_sym/ros_bridge/slam_ros_node.py:_process_cones:362"
"[SLAM_ODOMETRY_UPDATE] pose=[51.79,12.53,0.03]";"10";"cc_slam_node";"1752844742.044323596";"/home/user1/ROS2_Workspace/Symforce_ws/build/cc_slam_sym/cc_slam_sym/ros_bridge/slam_ros_node.py:_process_odometry:338"
"[SLAM_GPS_UPDATE] Added GPS constraint to keyframe 0 at [51.34, 12.43]";"10";"cc_slam_node";"1752844742.042865586";"/home/user1/ROS2_Workspace/Symforce_ws/build/cc_slam_sym/cc_slam_sym/ros_bridge/slam_ros_node.py:_process_gps:532"
"[SLAM_ASSOCIATION] matched_pairs=7, unmatched_obs=1";"10";"cc_slam_node";"1752844742.041928527";"/home/user1/ROS2_Workspace/Symforce_ws/build/cc_slam_sym/cc_slam_sym/ros_bridge/slam_ros_node.py:_process_cones:363"
"[SLAM_PROCESS_CONES] observations=8, landmarks=8, candidates=0";"10";"cc_slam_node";"1752844742.041241083";"/home/user1/ROS2_Workspace/Symforce_ws/build/cc_slam_sym/cc_slam_sym/ros_bridge/slam_ros_node.py:_process_cones:362"
"[SLAM_ODOMETRY_UPDATE] pose=[51.39,12.56,0.03]";"10";"cc_slam_node";"1752844742.026638844";"/home/user1/ROS2_Workspace/Symforce_ws/build/cc_slam_sym/cc_slam_sym/ros_bridge/slam_ros_node.py:_process_odometry:338"
"[SLAM_ODOMETRY_UPDATE] pose=[51.33,12.54,0.03]";"10";"cc_slam_node";"1752844742.020636192";"/home/user1/ROS2_Workspace/Symforce_ws/build/cc_slam_sym/cc_slam_sym/ros_bridge/slam_ros_node.py:_process_odometry:338"
"[SLAM_ASSOCIATION] matched_pairs=7, unmatched_obs=1";"10";"cc_slam_node";"1752844742.017250465";"/home/user1/ROS2_Workspace/Symforce_ws/build/cc_slam_sym/cc_slam_sym/ros_bridge/slam_ros_node.py:_process_cones:363"
"[SLAM_PROCESS_CONES] observations=8, landmarks=7, candidates=1";"10";"cc_slam_node";"1752844742.016789596";"/home/user1/ROS2_Workspace/Symforce_ws/build/cc_slam_sym/cc_slam_sym/ros_bridge/slam_ros_node.py:_process_cones:362"
"[SLAM_ODOMETRY_UPDATE] pose=[51.26,12.56,0.03]";"10";"cc_slam_node";"1752844741.833397247";"/home/user1/ROS2_Workspace/Symforce_ws/build/cc_slam_sym/cc_slam_sym/ros_bridge/slam_ros_node.py:_process_odometry:338"
"[SLAM_ODOMETRY_UPDATE] pose=[51.20,12.56,0.03]";"10";"cc_slam_node";"1752844741.824031852";"/home/user1/ROS2_Workspace/Symforce_ws/build/cc_slam_sym/cc_slam_sym/ros_bridge/slam_ros_node.py:_process_odometry:338"
"[SLAM_ODOMETRY_UPDATE] pose=[51.16,12.56,0.03]";"10";"cc_slam_node";"1752844741.813171040";"/home/user1/ROS2_Workspace/Symforce_ws/build/cc_slam_sym/cc_slam_sym/ros_bridge/slam_ros_node.py:_process_odometry:338"
"[SLAM_ODOMETRY_UPDATE] pose=[51.08,12.57,0.03]";"10";"cc_slam_node";"1752844741.803372454";"/home/user1/ROS2_Workspace/Symforce_ws/build/cc_slam_sym/cc_slam_sym/ros_bridge/slam_ros_node.py:_process_odometry:338"
"[SLAM_ODOMETRY_UPDATE] pose=[51.02,12.54,0.02]";"10";"cc_slam_node";"1752844741.801425206";"/home/user1/ROS2_Workspace/Symforce_ws/build/cc_slam_sym/cc_slam_sym/ros_bridge/slam_ros_node.py:_process_odometry:338"
"[SLAM_GPS_UPDATE] Added GPS constraint to keyframe 0 at [50.71, 12.46]";"10";"cc_slam_node";"1752844741.799981856";"/home/user1/ROS2_Workspace/Symforce_ws/build/cc_slam_sym/cc_slam_sym/ros_bridge/slam_ros_node.py:_process_gps:532"
"[SLAM_ASSOCIATION] matched_pairs=0, unmatched_obs=8";"10";"cc_slam_node";"1752844741.799235510";"/home/user1/ROS2_Workspace/Symforce_ws/build/cc_slam_sym/cc_slam_sym/ros_bridge/slam_ros_node.py:_process_cones:363"
"[SLAM_PROCESS_CONES] observations=8, landmarks=7, candidates=1";"10";"cc_slam_node";"1752844741.798879748";"/home/user1/ROS2_Workspace/Symforce_ws/build/cc_slam_sym/cc_slam_sym/ros_bridge/slam_ros_node.py:_process_cones:362"
"[SLAM_ODOMETRY_UPDATE] pose=[50.97,12.54,0.02]";"10";"cc_slam_node";"1752844741.783471396";"/home/user1/ROS2_Workspace/Symforce_ws/build/cc_slam_sym/cc_slam_sym/ros_bridge/slam_ros_node.py:_process_odometry:338"
"[SLAM_ODOMETRY_UPDATE] pose=[50.91,12.56,0.02]";"10";"cc_slam_node";"1752844741.773578135";"/home/user1/ROS2_Workspace/Symforce_ws/build/cc_slam_sym/cc_slam_sym/ros_bridge/slam_ros_node.py:_process_odometry:338"
"[SLAM_ODOMETRY_UPDATE] pose=[50.84,12.56,0.02]";"10";"cc_slam_node";"1752844741.763601633";"/home/user1/ROS2_Workspace/Symforce_ws/build/cc_slam_sym/cc_slam_sym/ros_bridge/slam_ros_node.py:_process_odometry:338"
"[SLAM_ODOMETRY_UPDATE] pose=[50.77,12.56,0.02]";"10";"cc_slam_node";"1752844741.753665734";"/home/user1/ROS2_Workspace/Symforce_ws/build/cc_slam_sym/cc_slam_sym/ros_bridge/slam_ros_node.py:_process_odometry:338"
"[SLAM_ODOMETRY_UPDATE] pose=[50.72,12.57,0.02]";"10";"cc_slam_node";"1752844741.746615775";"/home/user1/ROS2_Workspace/Symforce_ws/build/cc_slam_sym/cc_slam_sym/ros_bridge/slam_ros_node.py:_process_odometry:338"
"[SLAM_ASSOCIATION] matched_pairs=0, unmatched_obs=7";"10";"cc_slam_node";"1752844741.745145840";"/home/user1/ROS2_Workspace/Symforce_ws/build/cc_slam_sym/cc_slam_sym/ros_bridge/slam_ros_node.py:_process_cones:363"
"[SLAM_PROCESS_CONES] observations=7, landmarks=0, candidates=7";"10";"cc_slam_node";"1752844741.744810760";"/home/user1/ROS2_Workspace/Symforce_ws/build/cc_slam_sym/cc_slam_sym/ros_bridge/slam_ros_node.py:_process_cones:362"
"[SLAM_ODOMETRY_UPDATE] pose=[50.64,12.55,0.02]";"10";"cc_slam_node";"1752844741.734016254";"/home/user1/ROS2_Workspace/Symforce_ws/build/cc_slam_sym/cc_slam_sym/ros_bridge/slam_ros_node.py:_process_odometry:338"
"[SLAM_ODOMETRY_UPDATE] pose=[50.61,12.54,0.02]";"10";"cc_slam_node";"1752844741.723584645";"/home/user1/ROS2_Workspace/Symforce_ws/build/cc_slam_sym/cc_slam_sym/ros_bridge/slam_ros_node.py:_process_odometry:338"
"[SLAM_ODOMETRY_UPDATE] pose=[50.58,12.52,0.02]";"10";"cc_slam_node";"1752844741.716285814";"/home/user1/ROS2_Workspace/Symforce_ws/build/cc_slam_sym/cc_slam_sym/ros_bridge/slam_ros_node.py:_process_odometry:338"
"[SLAM_ODOMETRY_UPDATE] pose=[50.53,12.51,0.02]";"10";"cc_slam_node";"1752844741.714859518";"/home/user1/ROS2_Workspace/Symforce_ws/build/cc_slam_sym/cc_slam_sym/ros_bridge/slam_ros_node.py:_process_odometry:338"
"[SLAM_ODOMETRY_UPDATE] pose=[50.48,12.48,0.02]";"10";"cc_slam_node";"1752844741.713431800";"/home/user1/ROS2_Workspace/Symforce_ws/build/cc_slam_sym/cc_slam_sym/ros_bridge/slam_ros_node.py:_process_odometry:338"
"Backend now has 1 keyframes";"10";"cc_slam_node";"1752844741.712007890";"/home/user1/ROS2_Workspace/Symforce_ws/build/cc_slam_sym/cc_slam_sym/ros_bridge/slam_ros_node.py:_process_cones:511"
"[SLAM_NO_OPT_YET_V2] consecutive=1/5, total=1";"20";"cc_slam_node";"1752844741.711718674";"/home/user1/ROS2_Workspace/Symforce_ws/build/cc_slam_sym/cc_slam_sym/ros_bridge/slam_ros_node.py:_process_cones:509"
"[SLAM_BACKEND_STATE_V2] graph_size=1, factors_since_opt=1, keyframes_since_opt=1, total_kf=1, opt_interval=5";"20";"cc_slam_node";"1752844741.711427395";"/home/user1/ROS2_Workspace/Symforce_ws/build/cc_slam_sym/cc_slam_sym/ros_bridge/slam_ros_node.py:_process_cones:490"
"[SLAM_KEYFRAME_PROCESSED_V2] KF 0 complete - ready for opt check";"20";"cc_slam_node";"1752844741.711151347";"/home/user1/ROS2_Workspace/Symforce_ws/build/cc_slam_sym/cc_slam_sym/ros_bridge/slam_ros_node.py:_process_cones:484"
"[SLAM_PATTERN_CALL_V5] add_pattern_factors completed for KF 0";"20";"cc_slam_node";"1752844741.710858073";"/home/user1/ROS2_Workspace/Symforce_ws/build/cc_slam_sym/cc_slam_sym/ros_bridge/slam_ros_node.py:_process_cones:475"
"[ROS_PATTERN_DEBUG] Backend test result: True";"20";"cc_slam_node";"1752844741.698470278";"/home/user1/ROS2_Workspace/Symforce_ws/build/cc_slam_sym/cc_slam_sym/ros_bridge/slam_ros_node.py:_process_cones:472"
"[ROS_PATTERN_DEBUG] Testing backend...";"20";"cc_slam_node";"1752844741.697954547";"/home/user1/ROS2_Workspace/Symforce_ws/build/cc_slam_sym/cc_slam_sym/ros_bridge/slam_ros_node.py:_process_cones:470"
"[ROS_PATTERN_DEBUG] Backend has add_pattern_factors: True";"20";"cc_slam_node";"1752844741.697684862";"/home/user1/ROS2_Workspace/Symforce_ws/build/cc_slam_sym/cc_slam_sym/ros_bridge/slam_ros_node.py:_process_cones:468"
"[ROS_PATTERN_DEBUG] Backend object: <cc_slam_sym.slam_core.backend.SlamBackend object at 0x7ee885ff9780>, type: <class 'cc_slam_sym.slam_core.backend.SlamBackend'>";"20";"cc_slam_node";"1752844741.697415868";"/home/user1/ROS2_Workspace/Symforce_ws/build/cc_slam_sym/cc_slam_sym/ros_bridge/slam_ros_node.py:_process_cones:467"
"[SLAM_PATTERN_CALL_V5] Calling add_pattern_factors for KF 0";"20";"cc_slam_node";"1752844741.697139299";"/home/user1/ROS2_Workspace/Symforce_ws/build/cc_slam_sym/cc_slam_sym/ros_bridge/slam_ros_node.py:_process_cones:466"
"[SLAM_OBSERVATION_FACTORS] Added 0 observation factors for keyframe 0";"20";"cc_slam_node";"1752844741.696870195";"/home/user1/ROS2_Workspace/Symforce_ws/build/cc_slam_sym/cc_slam_sym/ros_bridge/slam_ros_node.py:_process_cones:462"
"[SLAM_FIRST_KEYFRAME_FIX_V2] Keyframe 0 special handling - adding all observations";"30";"cc_slam_node";"1752844741.696590991";"/home/user1/ROS2_Workspace/Symforce_ws/build/cc_slam_sym/cc_slam_sym/ros_bridge/slam_ros_node.py:_process_cones:451"
"[SLAM_KEYFRAME_ASSOCIATION] keyframe=0, matched_pairs=0, new_landmarks=0";"10";"cc_slam_node";"1752844741.696315915";"/home/user1/ROS2_Workspace/Symforce_ws/build/cc_slam_sym/cc_slam_sym/ros_bridge/slam_ros_node.py:_process_cones:402"
"[SLAM_KEYFRAME_CREATED] id=0, pose=[50.46,12.46,0.02]";"20";"cc_slam_node";"1752844741.695952928";"/home/user1/ROS2_Workspace/Symforce_ws/build/cc_slam_sym/cc_slam_sym/ros_bridge/slam_ros_node.py:_process_cones:384"
"[SLAM_ASSOCIATION] matched_pairs=0, unmatched_obs=7";"10";"cc_slam_node";"1752844741.695597025";"/home/user1/ROS2_Workspace/Symforce_ws/build/cc_slam_sym/cc_slam_sym/ros_bridge/slam_ros_node.py:_process_cones:363"
"[SLAM_PROCESS_CONES] observations=7, landmarks=0, candidates=7";"10";"cc_slam_node";"1752844741.695284792";"/home/user1/ROS2_Workspace/Symforce_ws/build/cc_slam_sym/cc_slam_sym/ros_bridge/slam_ros_node.py:_process_cones:362"
"[SLAM_ODOMETRY_UPDATE] pose=[50.46,12.46,0.02]";"10";"cc_slam_node";"1752844741.683908880";"/home/user1/ROS2_Workspace/Symforce_ws/build/cc_slam_sym/cc_slam_sym/ros_bridge/slam_ros_node.py:_process_odometry:338"
"[SLAM_ODOMETRY_UPDATE] pose=[50.42,12.50,0.02]";"10";"cc_slam_node";"1752844741.673552807";"/home/user1/ROS2_Workspace/Symforce_ws/build/cc_slam_sym/cc_slam_sym/ros_bridge/slam_ros_node.py:_process_odometry:338"
"[SLAM_ODOMETRY_UPDATE] pose=[50.34,12.50,0.02]";"10";"cc_slam_node";"1752844741.663820888";"/home/user1/ROS2_Workspace/Symforce_ws/build/cc_slam_sym/cc_slam_sym/ros_bridge/slam_ros_node.py:_process_odometry:338"
"[SLAM_ODOMETRY_UPDATE] pose=[50.30,12.48,0.02]";"10";"cc_slam_node";"1752844741.656907700";"/home/user1/ROS2_Workspace/Symforce_ws/build/cc_slam_sym/cc_slam_sym/ros_bridge/slam_ros_node.py:_process_odometry:338"
"CC-SLAM-SYM node initialized - VERSION 5 WITH PATTERN DEBUG";"20";"cc_slam_node";"1752844741.655470302";"/home/user1/ROS2_Workspace/Symforce_ws/build/cc_slam_sym/cc_slam_sym/ros_bridge/slam_ros_node.py:__init__:92"
"[SLAM_GPS] Simulation mode with GPS enabled, subscribing to /gps/odom";"20";"cc_slam_node";"1752844741.648621035";"/home/user1/ROS2_Workspace/Symforce_ws/build/cc_slam_sym/cc_slam_sym/ros_bridge/slam_ros_node.py:_init_ros_interfaces:248"
"Starting SLAM in simulation mode";"20";"cc_slam_node";"1752844741.642157062";"/home/user1/ROS2_Workspace/Symforce_ws/build/cc_slam_sym/cc_slam_sym/ros_bridge/slam_ros_node.py:__init__:49"
"[DUMMY_GPS] GPS simulation enabled";"20";"dummy_publisher";"1752844737.562269760";"/home/user1/ROS2_Workspace/Symforce_ws/build/cc_slam_sym/cc_slam_sym/simulation/dummy_publisher_node.py:__init__:242"
"[DUMMY_MODE] Running in mode: simulation";"20";"dummy_publisher";"1752844737.561852842";"/home/user1/ROS2_Workspace/Symforce_ws/build/cc_slam_sym/cc_slam_sym/simulation/dummy_publisher_node.py:__init__:240"
"Odometry simulation: ENABLED";"20";"dummy_publisher";"1752844737.561412666";"/home/user1/ROS2_Workspace/Symforce_ws/build/cc_slam_sym/cc_slam_sym/simulation/dummy_publisher_node.py:__init__:239"
"Dummy publisher initialized (refactored version)";"20";"dummy_publisher";"1752844737.560925482";"/home/user1/ROS2_Workspace/Symforce_ws/build/cc_slam_sym/cc_slam_sym/simulation/dummy_publisher_node.py:__init__:238"
"Using Scenario 2: Formula Student track";"20";"dummy_publisher";"1752844737.489469367";"/home/user1/ROS2_Workspace/Symforce_ws/build/cc_slam_sym/cc_slam_sym/simulation/dummy_publisher_node.py:__init__:147"
